<?xml version="1.0" encoding="UTF-8"?>
<project-private xmlns="http://www.netbeans.org/ns/project-private/1">
    <editor-bookmarks xmlns="http://www.netbeans.org/ns/editor-bookmarks/1"/>
    <editor-bookmarks xmlns="http://www.netbeans.org/ns/editor-bookmarks/2" lastBookmarkId="0"/>
    <open-files xmlns="http://www.netbeans.org/ns/projectui-open-files/2">
        <group>
            <file>file:/C:/wamp/www/PHP/PHP2/TeamProject/ch24_guitar_shop/checkout/index.php</file>
            <file>file:/C:/wamp/www/PHP/PHP2/TeamProject/ch24_guitar_shop/cart/index.php</file>
            <file>file:/C:/wamp/www/PHP/PHP2/TeamProject/ch24_guitar_shop/email/emailHandler.php</file>
        </group>
    </open-files>
</project-private>
