<?xml version="1.0" encoding="UTF-8"?>
<project-private xmlns="http://www.netbeans.org/ns/project-private/1">
    <editor-bookmarks xmlns="http://www.netbeans.org/ns/editor-bookmarks/1"/>
    <editor-bookmarks xmlns="http://www.netbeans.org/ns/editor-bookmarks/2" lastBookmarkId="0"/>
    <open-files xmlns="http://www.netbeans.org/ns/projectui-open-files/2">
        <group>
            <file>file:/C:/wamp/www/PHP/PHP2/TeamProject/ch24_guitar_shop/main.css</file>
            <file>file:/C:/wamp/www/PHP/PHP2/TeamProject/ch24_guitar_shop/cart/cart_view.php</file>
            <file>file:/C:/wamp/www/PHP/PHP2/TeamProject/ch24_guitar_shop/admin/orders/orderManager.php</file>
            <file>file:/C:/wamp/www/PHP/PHP2/TeamProject/ch24_guitar_shop/admin/index.php</file>
            <file>file:/C:/wamp/www/PHP/PHP2/TeamProject/ch24_guitar_shop/index.php</file>
            <file>file:/C:/wamp/www/PHP/PHP2/TeamProject/ch24_guitar_shop/view/sidebar.php</file>
        </group>
    </open-files>
</project-private>
